<?xml version='1.0' encoding='UTF-8'?>
<?artifactRepository version='1.1.0'?>
<repository name='file:/Users/ken/workspaces/AnypointStudio/workspace/serial-port-reader-connector/target/update-site/ - artifacts' type='org.eclipse.equinox.p2.artifact.repository.simpleRepository' version='1'>
  <properties size='2'>
    <property name='p2.timestamp' value='1483622443185'/>
    <property name='p2.compressed' value='false'/>
  </properties>
  <mappings size='3'>
    <rule filter='(&amp; (classifier=osgi.bundle))' output='${repoUrl}/plugins/${id}_${version}.jar'/>
    <rule filter='(&amp; (classifier=binary))' output='${repoUrl}/binary/${id}_${version}'/>
    <rule filter='(&amp; (classifier=org.eclipse.update.feature))' output='${repoUrl}/features/${id}_${version}.jar'/>
  </mappings>
  <artifacts size='2'>
    <artifact classifier='osgi.bundle' id='org.mule.tooling.ui.contribution.serial-port-reader.3.5.0' version='1.0.0.201701052120'>
      <properties size='3'>
        <property name='artifact.size' value='586059'/>
        <property name='download.size' value='586059'/>
        <property name='download.md5' value='4988afe19c65735714ddcc925e47409d'/>
      </properties>
    </artifact>
    <artifact classifier='org.eclipse.update.feature' id='org.mule.tooling.ui.extension.serial-port-reader-connector.3.5.0' version='1.0.0.201701052120'>
      <properties size='4'>
        <property name='artifact.size' value='660'/>
        <property name='download.size' value='660'/>
        <property name='download.md5' value='1fb618892f97a5f2f29093e6d73203dd'/>
        <property name='download.contentType' value='application/zip'/>
      </properties>
    </artifact>
  </artifacts>
</repository>
